aa,C,CA,CB,N,H,HA,HB
A,177.44069,52.53002,19.21113,125.40155,8.20964,4.25629,1.31544
C,174.33917,58.48976,28.06269,120.71212,8.29429,4.44261,2.85425
D,176.02114,54.23920,41.18408,121.75726,8.28460,4.54836,2.60054
E,176.19215,56.50755,30.30204,122.31578,8.35949,4.22124,1.92383
F,175.42280,57.64849,39.55984,121.30500,8.10906,4.57507,3.00036
G,173.83294,45.23929,,110.09074,8.32746,3.91016,
H,175.00142,56.20256,30.60335,120.69141,8.27133,4.55872,3.03080
I,175.88231,61.04925,38.68742,122.37586,8.06407,4.10574,1.78617
K,176.22644,56.29413,33.02478,122.71282,8.24902,4.25873,1.71982
L,177.06101,55.17464,42.29215,123.48611,8.14330,4.28545,1.54067
M,175.90708,55.50643,32.83806,121.54592,8.24848,4.41483,1.97585
N,174.94152,53.22822,38.87465,119.92746,8.37189,4.64308,2.72756
P,176.67709,63.05232,32.03750,137.40612,,4.36183,2.03318
Q,175.63494,55.79861,29.44174,121.49225,8.30042,4.28006,1.97653
R,175.92194,56.06785,30.81298,122.40365,8.26453,4.28372,1.73437
S,174.31005,58.36048,63.82367,117.11419,8.25730,4.40101,3.80956
T,174.27772,61.86928,69.80612,115.48126,8.11378,4.28923,4.15465
V,175.80621,62.20156,32.77934,121.71912,8.06572,4.05841,1.99302
W,175.92744,57.23836,29.56502,122.10991,7.97816,4.61061,3.18540
Y,175.49651,57.82427,38.76184,121.43652,8.05749,4.51123,2.91782

