atom,aa,corr1,corr2,corr3,corr4
C,A,0.06131,-0.04544,0.14646,0.01305
C,C,0.04502,0.12592,-0.03407,-0.02654
C,D,0.08180,-0.08589,0.22948,0.10934
C,E,0.05388,0.22264,0.06962,0.01929
C,F,-0.06286,-0.22396,-0.34442,0.00950
C,G,0.12772,0.72041,0.16048,0.01324
C,H,-0.00628,-0.03355,0.13309,-0.03906
C,I,-0.11709,0.06591,-0.06361,-0.03628
C,K,0.03368,0.15830,0.04518,-0.01576
C,L,-0.03877,0.11608,0.02535,0.01976
C,M,0.04611,0.25233,-0.00747,-0.01624
C,N,0.07068,-0.06118,0.10077,0.05547
C,P,-0.36018,-1.90872,0.16158,-0.05286
C,Q,0.10861,0.19878,0.01596,-0.01757
C,R,0.01933,0.13237,0.03606,-0.02468
C,S,0.09888,0.28691,0.07601,0.01379
C,T,0.05658,0.41659,-0.01103,-0.00114
C,V,-0.11591,0.09565,-0.03355,-0.03368
C,W,-0.01954,-0.19134,-0.37965,0.01582
C,Y,-0.08380,-0.24519,-0.32700,-0.00577
CA,A,0.03588,0.03480,-0.00468,-0.00920
CA,C,0.02749,0.15742,0.14376,0.03681
CA,D,-0.00751,0.12494,0.17354,0.14157
CA,E,0.00985,0.13936,0.03289,-0.00702
CA,F,0.01122,0.03732,-0.19586,-0.00377
CA,G,-0.00885,0.23403,-0.03184,-0.01144
CA,H,-0.02102,0.04621,0.03122,-0.02826
CA,I,-0.00656,0.05965,-0.10588,-0.04372
CA,K,0.01817,0.11216,-0.00341,-0.02950
CA,L,0.04507,0.07829,-0.03526,0.00858
CA,M,0.07553,0.18840,0.04987,-0.01749
CA,N,-0.00649,0.11842,0.18729,0.06401
CA,P,-0.27536,-2.02189,0.01327,-0.08732
CA,Q,0.06365,0.15281,0.04575,-0.01356
CA,R,0.04338,0.11783,0.00345,-0.02873
CA,S,0.02867,0.07846,0.09443,0.02061
CA,T,-0.01625,0.10626,0.03880,-0.00126
CA,V,-0.04935,0.04248,-0.10195,-0.03778
CA,W,0.00434,0.16188,-0.08742,0.03983
CA,Y,0.02782,0.02846,-0.24750,0.00759
CB,A,-0.00953,0.05704,-0.04838,0.00755
CB,C,-0.00164,0.00760,-0.03293,-0.05613
CB,D,0.02064,0.09849,-0.08746,-0.06691
CB,E,0.01283,0.05404,-0.01342,0.02238
CB,F,0.01028,0.03363,0.18112,0.01493
CB,G,-0.02758,0.04383,0.06071,-0.02639
CB,H,-0.01760,-0.02367,0.00343,0.00415
CB,I,0.02783,0.01052,0.00641,0.05090
CB,K,0.00350,0.02852,-0.00408,0.01218
CB,L,0.01223,-0.02940,-0.07268,0.00884
CB,M,-0.02925,-0.03912,-0.06587,0.03490
CB,N,-0.02242,0.03403,-0.09759,-0.08018
CB,P,0.08431,-0.35696,-0.04680,0.05192
CB,Q,-0.01649,-0.01016,-0.03663,0.01723
CB,R,-0.01887,0.00618,-0.00385,0.02884
CB,S,-0.00921,0.07096,-0.06338,-0.03707
CB,T,0.02601,0.04904,-0.01728,0.00781
CB,V,0.03068,0.06325,0.01928,0.05011
CB,W,-0.07651,-0.11334,0.13806,-0.03339
CB,Y,0.00082,0.01466,0.18107,-0.01181
N,A,0.09963,-0.00873,-2.31666,-0.14051
N,C,0.11905,-0.01296,1.15573,0.01820
N,D,0.11783,-0.11817,-1.16322,-0.37601
N,E,0.10825,-0.00605,-0.41856,0.01187
N,F,-0.12280,-0.27542,0.34635,0.09102
N,G,0.10365,-0.05667,-1.50346,-0.00146
N,H,-0.04145,-0.26494,0.26356,0.18198
N,I,-0.09249,0.12136,2.75071,0.40643
N,K,-0.02472,0.07224,-0.07057,0.12261
N,L,0.01542,-0.12800,-0.85172,-0.15460
N,M,-0.11266,-0.27311,-0.33192,0.09384
N,N,-0.00295,-0.20562,-1.00652,-0.30971
N,P,0.03252,1.35296,-1.17173,0.06026
N,Q,0.00900,-0.09950,-0.07389,0.08415
N,R,-0.07819,0.00802,-0.04821,0.08524
N,S,0.12057,0.02242,0.48924,-0.25423
N,T,0.04631,0.09935,1.02269,0.20228
N,V,-0.03610,0.21959,2.42228,0.39686
N,W,-0.15643,-0.19285,0.05515,-0.53172
N,Y,-0.10497,-0.25228,0.46023,0.01399
H,A,0.01337,-0.00605,-0.04371,-0.02485
H,C,0.01324,0.05107,0.12857,0.00610
H,D,0.02859,0.02436,-0.06510,0.02085
H,E,0.02737,0.01790,0.03740,0.01969
H,F,-0.02633,-0.08287,-0.11364,-0.03603
H,G,0.02753,0.05640,-0.10477,0.06876
H,H,-0.00124,-0.02861,0.04126,0.10004
H,I,-0.02258,-0.00929,0.07962,0.01880
H,K,-0.00512,-0.00744,0.04443,0.03434
H,L,-0.01088,-0.01230,-0.03640,-0.03719
H,M,-0.01961,-0.00749,-0.00097,0.02041
H,N,0.01134,0.02121,-0.01837,-0.00629
H,P,-0.01246,0.02956,0.13007,-0.00810
H,Q,0.00783,0.00751,0.05643,0.02413
H,R,-0.00734,0.00546,0.07003,0.04051
H,S,0.02133,0.03964,0.04978,-0.03749
H,T,0.00976,0.06072,0.03531,0.01657
H,V,-0.01267,0.00994,0.09630,0.03420
H,W,-0.02348,-0.09617,-0.24207,-0.18741
H,Y,-0.01881,-0.07345,-0.14345,-0.06721
HA,A,0.00350,-0.02371,-0.00654,0.00652
HA,C,0.00660,0.01073,0.01921,0.00919
HA,D,0.01717,-0.00854,-0.00802,-0.00597
HA,E,0.01090,-0.01091,0.00472,0.00790
HA,F,-0.02271,-0.06316,-0.03057,-0.02350
HA,G,0.02155,-0.00151,0.02477,0.01526
HA,H,-0.01132,-0.05617,-0.01514,0.01264
HA,I,0.00459,0.00571,0.02984,0.00416
HA,K,0.00492,-0.01788,0.00555,0.01259
HA,L,-0.00599,-0.01558,0.00358,0.00167
HA,M,0.00100,-0.02037,0.00678,0.00930
HA,N,0.00651,-0.01499,-0.00361,0.00203
HA,P,0.01542,0.28350,-0.01496,0.00796
HA,Q,0.00711,-0.02142,0.00734,0.00971
HA,R,-0.00472,-0.01414,0.00966,0.01180
HA,S,0.01572,0.02791,0.03762,0.00133
HA,T,0.01714,0.06590,0.03085,0.00143
HA,V,0.00777,0.01505,0.02525,0.00659
HA,W,-0.06818,-0.08412,-0.09386,-0.06072
HA,Y,-0.02701,-0.05585,-0.03243,-0.02987
HB,A,0.01473,0.01843,0.01428,0.00451
HB,C,0.01180,0.03340,0.03081,0.00169
HB,D,0.01786,0.01626,0.02221,0.01030
HB,E,0.01796,0.01820,0.00835,-0.00045
HB,F,-0.04867,-0.09154,-0.04858,-0.00164
HB,G,0.01718,0.03852,0.01043,0.00051
HB,H,-0.00817,-0.04557,-0.00820,0.00855
HB,I,0.00446,0.00111,0.00049,-0.00283
HB,K,0.01570,0.01156,0.00771,0.00646
HB,L,0.00700,0.01236,0.00880,0.00150
HB,M,0.01607,0.02294,0.01385,-0.00038
HB,N,0.01893,0.01561,0.02760,0.01215
HB,P,-0.01199,-0.02752,0.00891,-0.00033
HB,Q,0.01636,0.01861,0.01177,-0.00099
HB,R,0.01324,0.01526,0.01082,0.00378
HB,S,0.01859,0.03487,0.02890,-0.00477
HB,T,0.01624,0.04073,0.01936,-0.00348
HB,V,0.00380,0.00271,-0.00144,-0.00315
HB,W,-0.09045,-0.06895,-0.10934,-0.01948
HB,Y,-0.05069,-0.06698,-0.05666,-0.01193

