atom,neipos,centgroup,neigroup,segment,val1,val2
C,-1,G,r,xrGxx,0.2742,1.4856
C,-1,G,-,x-Gxx,0.0522,0.2827
C,-1,P,P,xPPxx,-0.0822,0.4450
C,-1,P,r,xrPxx,0.2640,1.4303
C,-1,r,P,xPrxx,-0.1027,0.5566
C,-1,+,P,xP+xx,0.0714,0.3866
C,-1,-,-,x--xx,-0.0501,0.2712
C,-1,p,r,xrpxx,0.0582,0.3151
C,1,G,r,xxGrx,0.0730,0.3955
C,1,P,a,xxPax,-0.0981,0.5317
C,1,P,+,xxP+x,-0.0577,0.3128
C,1,P,p,xxPpx,-0.0619,0.3356
C,1,r,r,xxrrx,-0.1858,1.0064
C,1,r,a,xxrax,-0.1888,1.0226
C,1,r,+,xxr+x,-0.1805,0.9779
C,1,r,-,xxr-x,-0.1756,0.9512
C,1,r,p,xxrpx,-0.1208,0.6544
C,1,+,P,xx+Px,-0.0533,0.2886
C,1,-,P,xx-Px,0.1867,1.0115
C,1,p,P,xxpPx,0.2321,1.2574
C,-2,G,r,rxGxx,-0.1457,0.7892
C,-2,r,p,pxrxx,0.0555,0.3008
C,2,P,P,xxPxP,0.1007,0.5455
C,2,P,-,xxPx-,0.0634,0.3433
C,2,r,P,xxrxP,-0.1447,0.7841
C,2,a,r,xxaxr,-0.1488,0.8061
C,2,a,-,xxax-,-0.0093,0.0506
C,2,+,G,xx+xG,-0.0394,0.2132
C,2,+,P,xx+xP,0.1016,0.5502
C,2,+,a,xx+xa,0.0299,0.1622
C,2,+,+,xx+x+,0.0427,0.2312
C,2,-,a,xx-xa,0.0611,0.3308
C,2,p,P,xxpxP,-0.0753,0.4078
CA,-1,G,P,xPGxx,-0.0641,0.3233
CA,-1,G,r,xrGxx,0.2107,1.0630
CA,-1,P,P,xPPxx,-0.2042,1.0303
CA,-1,P,p,xpPxx,0.0444,0.2240
CA,-1,r,G,xGrxx,0.2030,1.0241
CA,-1,r,+,x+rxx,-0.0811,0.4093
CA,-1,-,P,xP-xx,0.0744,0.3755
CA,-1,-,-,x--xx,-0.0263,0.1326
CA,-1,p,p,xppxx,-0.0094,0.0475
CA,1,G,P,xxGPx,1.3044,6.5813
CA,1,G,-,xxG-x,-0.0632,0.3188
CA,1,P,G,xxPGx,0.2642,1.3329
CA,1,P,P,xxPPx,0.3025,1.5262
CA,1,P,r,xxPrx,0.1455,0.7343
CA,1,P,-,xxP-x,0.1188,0.5994
CA,1,P,p,xxPpx,0.1201,0.6062
CA,1,r,P,xxrPx,-0.1958,0.9878
CA,1,r,-,xxr-x,-0.0931,0.4696
CA,1,a,P,xxaPx,-0.1428,0.7204
CA,1,a,-,xxa-x,-0.0262,0.1324
CA,1,a,p,xxapx,0.0392,0.1977
CA,1,+,P,xx+Px,-0.1059,0.5344
CA,1,+,a,xx+ax,-0.0377,0.1901
CA,1,+,+,xx++x,-0.0595,0.3001
CA,1,-,P,xx-Px,-0.1156,0.5831
CA,1,-,+,xx-+x,0.0316,0.1593
CA,1,-,p,xx-px,0.0612,0.3090
CA,1,p,r,xxprx,-0.0511,0.2576
CA,-2,P,-,-xPxx,-0.1028,0.5185
CA,-2,r,r,rxrxx,0.1933,0.9752
CA,-2,-,G,Gx-xx,0.0559,0.2818
CA,-2,-,p,px-xx,0.0391,0.1973
CA,-2,p,a,axpxx,-0.0293,0.1479
CA,-2,p,+,+xpxx,-0.0173,0.0873
CA,2,G,-,xxGx-,0.0357,0.1802
CA,2,+,G,xx+xG,-0.0315,0.1591
CA,2,-,P,xx-xP,0.0426,0.2150
CA,2,-,r,xx-xr,0.0784,0.3954
CA,2,-,a,xx-xa,0.1084,0.5467
CA,2,-,-,xx-x-,0.0836,0.4216
CA,2,p,P,xxpxP,0.0685,0.3456
CA,2,p,-,xxpx-,-0.0481,0.2428
CB,-1,P,r,xrPxx,-0.2678,1.7345
CB,-1,P,p,xpPxx,0.0355,0.2300
CB,-1,r,P,xPrxx,-0.1137,0.7367
CB,-1,a,p,xpaxx,0.0249,0.1613
CB,-1,+,-,x-+xx,-0.0762,0.4935
CB,-1,-,P,xP-xx,-0.0889,0.5757
CB,-1,-,r,xr-xx,-0.0533,0.3451
CB,-1,-,-,x--xx,0.0496,0.3215
CB,-1,-,p,xp-xx,-0.0148,0.0960
CB,-1,p,P,xPpxx,0.0119,0.0768
CB,-1,p,r,xrpxx,-0.0673,0.4358
CB,1,P,G,xxPGx,-0.0522,0.3379
CB,1,P,P,xxPPx,-0.8458,5.4779
CB,1,P,r,xxPrx,-0.1573,1.0187
CB,1,r,r,xxrrx,0.1634,1.0581
CB,1,a,G,xxaGx,-0.0393,0.2544
CB,1,a,r,xxarx,0.0274,0.1777
CB,1,a,-,xxa-x,0.0394,0.2553
CB,1,a,p,xxapx,0.0149,0.0968
CB,1,+,G,xx+Gx,-0.0784,0.5076
CB,1,+,P,xx+Px,-0.1170,0.7580
CB,1,-,P,xx-Px,-0.0913,0.5912
CB,1,-,-,xx--x,0.0284,0.1838
CB,1,p,P,xxpPx,0.0880,0.5697
CB,1,p,p,xxppx,-0.0113,0.0733
CB,-2,P,-,-xPxx,0.0389,0.2521
CB,-2,P,p,pxPxx,0.0365,0.2362
CB,-2,r,+,+xrxx,0.0809,0.5242
CB,-2,a,-,-xaxx,-0.0452,0.2927
CB,-2,+,-,-x+xx,-0.0651,0.4218
CB,-2,-,G,Gx-xx,-0.0883,0.5717
CB,-2,p,G,Gxpxx,0.0378,0.2445
CB,-2,p,p,pxpxx,0.0207,0.1341
CB,2,r,G,xxrxG,-0.0362,0.2344
CB,2,r,-,xxrx-,-0.0219,0.1419
CB,2,a,-,xxax-,-0.0298,0.1929
CB,2,+,p,xx+xp,0.0189,0.1223
CB,2,-,-,xx-x-,-0.0525,0.3400
N,-1,G,P,xPGxx,0.2411,0.5105
N,-1,G,+,x+Gxx,-0.1773,0.3754
N,-1,G,-,x-Gxx,0.1905,0.4035
N,-1,P,P,xPPxx,-0.9177,1.9434
N,-1,P,p,xpPxx,0.2609,0.5525
N,-1,r,G,xGrxx,0.2417,0.5119
N,-1,r,a,xarxx,-0.0139,0.0295
N,-1,r,+,x+rxx,-0.4122,0.8729
N,-1,r,p,xprxx,0.1440,0.3049
N,-1,a,G,xGaxx,-0.5177,1.0963
N,-1,a,r,xraxx,0.0890,0.1885
N,-1,a,a,xaaxx,0.1393,0.2950
N,-1,a,p,xpaxx,-0.0825,0.1747
N,-1,+,G,xG+xx,-0.4908,1.0394
N,-1,+,a,xa+xx,0.1709,0.3619
N,-1,+,+,x++xx,0.1868,0.3955
N,-1,+,-,x-+xx,-0.0951,0.2014
N,-1,-,P,xP-xx,-0.3027,0.6410
N,-1,-,r,xr-xx,-0.1670,0.3537
N,-1,-,+,x+-xx,-0.3501,0.7414
N,-1,-,-,x--xx,0.1266,0.2681
N,-1,p,G,xGpxx,-0.1707,0.3614
N,-1,p,-,x-pxx,0.0011,0.0023
N,1,G,G,xxGGx,0.2555,0.5412
N,1,G,P,xxGPx,-0.9725,2.0595
N,1,G,r,xxGrx,0.0165,0.0349
N,1,G,p,xxGpx,0.0703,0.1489
N,1,r,a,xxrax,-0.0237,0.0503
N,1,a,r,xxarx,-0.1816,0.3845
N,1,a,-,xxa-x,-0.1050,0.2224
N,1,a,p,xxapx,-0.1196,0.2533
N,1,-,r,xx-rx,-0.1762,0.3731
N,1,-,a,xx-ax,0.0006,0.0013
N,1,p,P,xxpPx,0.2797,0.5923
N,1,p,a,xxpax,0.0938,0.1986
N,1,p,+,xxp+x,0.1359,0.2878
N,-2,G,r,rxGxx,-0.5140,1.0885
N,-2,G,-,-xGxx,-0.0639,0.1354
N,-2,P,P,PxPxx,-0.4215,0.8927
N,-2,r,P,Pxrxx,-0.3696,0.7828
N,-2,r,p,pxrxx,-0.1937,0.4101
N,-2,a,-,-xaxx,-0.0351,0.0743
N,-2,a,p,pxaxx,-0.1031,0.2183
N,-2,-,G,Gx-xx,-0.2152,0.4558
N,-2,-,P,Px-xx,-0.1375,0.2912
N,-2,-,p,px-xx,-0.1081,0.2290
N,-2,p,P,Pxpxx,-0.1489,0.3154
N,-2,p,-,-xpxx,0.0952,0.2015
N,2,G,-,xxGx-,0.1160,0.2457
N,2,r,p,xxrxp,-0.1288,0.2728
N,2,a,P,xxaxP,0.1632,0.3456
N,2,+,+,xx+x+,-0.0106,0.0226
N,2,+,-,xx+x-,0.0389,0.0824
N,2,-,a,xx-xa,-0.0815,0.1726
N,2,p,G,xxpxG,-0.0779,0.1649
N,2,p,p,xxpxp,-0.0683,0.1447
H,-1,G,P,xPGxx,-0.0317,0.4730
H,-1,G,r,xrGxx,0.0549,0.8186
H,-1,G,+,x+Gxx,-0.0192,0.2867
H,-1,G,-,x-Gxx,0.0138,0.2055
H,-1,r,P,xPrxx,-0.0964,1.4367
H,-1,r,-,x-rxx,-0.0245,0.3648
H,-1,a,G,xGaxx,-0.0290,0.4320
H,-1,a,a,xaaxx,0.0063,0.0944
H,-1,+,G,xG+xx,-0.0615,0.9168
H,-1,+,r,xr+xx,-0.0480,0.7153
H,-1,+,-,x-+xx,-0.0203,0.3030
H,-1,-,+,x+-xx,-0.0232,0.3455
H,-1,p,G,xGpxx,-0.0028,0.0411
H,-1,p,P,xPpxx,-0.0121,0.1805
H,1,G,P,xxGPx,-0.1418,2.1144
H,1,G,r,xxGrx,0.0236,0.3520
H,1,G,a,xxGax,0.0173,0.2580
H,1,a,-,xxa-x,0.0091,0.1349
H,1,+,P,xx+Px,-0.0422,0.6290
H,1,+,p,xx+px,0.0191,0.2842
H,1,-,P,xx-Px,-0.0474,0.7065
H,1,-,a,xx-ax,0.0102,0.1515
H,-2,G,G,GxGxx,0.0169,0.2517
H,-2,G,r,rxGxx,-0.3503,5.2220
H,-2,a,P,Pxaxx,0.0216,0.3227
H,-2,a,-,-xaxx,-0.0276,0.4118
H,-2,+,-,-x+xx,-0.0260,0.3874
H,-2,-,G,Gx-xx,0.0273,0.4073
H,-2,-,a,ax-xx,-0.0161,0.2400
H,-2,-,-,-x-xx,-0.0285,0.4255
H,-2,p,P,Pxpxx,-0.0101,0.1503
H,-2,p,a,axpxx,-0.0157,0.2343
H,-2,p,+,+xpxx,-0.0122,0.1815
H,-2,p,p,pxpxx,0.0107,0.1601
H,2,G,G,xxGxG,-0.0190,0.2826
H,2,r,G,xxrxG,0.0472,0.7036
H,2,r,P,xxrxP,0.0337,0.5027
H,2,a,+,xxax+,-0.0159,0.2376
H,2,+,G,xx+xG,0.0113,0.1685
H,2,+,r,xx+xr,-0.0307,0.4575
H,2,-,P,xx-xP,-0.0088,0.1318
HA,-1,P,P,xPPxx,0.0307,1.1685
HA,-1,P,r,xrPxx,0.0621,2.3592
HA,-1,r,G,xGrxx,-0.0371,1.4092
HA,-1,r,+,x+rxx,0.0125,0.4733
HA,-1,r,p,xprxx,-0.0199,0.7569
HA,-1,a,G,xGaxx,0.0073,0.2779
HA,-1,a,a,xaaxx,0.0044,0.1683
HA,-1,-,G,xG-xx,0.0116,0.4409
HA,-1,-,r,xr-xx,0.0228,0.8679
HA,-1,-,p,xp-xx,0.0074,0.2828
HA,1,G,G,xxGGx,0.0175,0.6636
HA,1,G,-,xxG-x,0.0107,0.4081
HA,1,P,a,xxPax,0.0089,0.3369
HA,1,-,r,xx-rx,0.0113,0.4291
HA,-2,G,G,GxGxx,-0.0154,0.5847
HA,-2,P,-,-xPxx,0.0136,0.5179
HA,-2,r,G,Gxrxx,-0.0159,0.6045
HA,-2,+,+,+x+xx,-0.0137,0.5190
HA,-2,p,-,-xpxx,-0.0068,0.2592
HA,-2,p,p,pxpxx,0.0046,0.1763
HB,-1,P,r,xrPxx,0.0460,2.1365
HB,-1,a,-,x-axx,0.0076,0.3551
HB,-1,+,-,x-+xx,0.0110,0.5122
HB,-1,-,r,xr-xx,0.0233,1.0819
HB,1,a,P,xxaPx,0.0287,1.3310
HB,1,+,P,xx+Px,0.0324,1.5056
HB,1,+,r,xx+rx,-0.0231,1.0709
HB,1,p,r,xxprx,0.0077,0.3586
HB,1,p,+,xxp+x,-0.0074,0.3426
HB,-2,a,P,Pxaxx,-0.0026,0.1192
HB,-2,a,r,rxaxx,-0.0098,0.4559
HB,-2,-,-,-x-xx,0.0016,0.0751
HB,2,P,r,xxPxr,-0.0595,2.7608
HB,2,P,+,xxPx+,-0.0145,0.6744
HB,2,P,-,xxPx-,0.0107,0.4976
HB,2,a,+,xxax+,-0.0015,0.0691
HB,2,p,r,xxpxr,0.0262,1.2178
