aa,CA,CB,C,N,H,HA
A,-2.2,4.7,-7.1,-5.3,-9.0,0.7
C,-0.9,1.3,-2.6,-8.2,-7.0,0.0
D,2.8,6.5,-4.8,-3.9,-6.2,-0.1
E,0.9,4.6,-4.9,-3.7,-6.5,0.3
F,-4.7,2.4,-6.9,-11.2,-7.5,0.4
G,3.3,0.0,-3.2,-6.2,-9.1,0.0
H,7.8,15.5,3.1,3.3,-7.8,0.4
I,-2.0,4.6,-8.7,-12.7,-7.8,0.4
K,-0.8,2.4,-7.1,-7.6,-7.5,0.4
L,1.7,4.9,-8.2,-2.9,-7.5,0.1
M,4.1,9.4,-8.2,-6.2,-7.1,-0.5
N,2.8,5.1,-6.1,-3.3,-7.0,-2.9
P,1.1,-0.2,-4.0,0.0,0.0,0.0
Q,2.3,3.6,-5.7,-6.5,-7.2,0.3
R,-1.4,3.5,-6.9,-5.3,-7.1,0.4
S,-1.7,4.4,-4.7,-3.8,-7.6,0.1
T,0.0,2.2,-5.2,-6.7,-7.3,0.0
V,-2.8,2.5,-8.1,-14.2,-7.6,0.5
W,-2.7,3.1,-7.9,-10.1,-7.8,0.4
Y,-5.0,2.9,-7.7,-12.0,-7.7,0.5
